M_score,E_score,Sequence
0.6875111,0.7873979,M
0.7475914,1.009399,K
0.85724026,1.1732733,I
0.8425751,1.156608,I
0.72735596,0.9807382,I
0.7039291,0.88771737,D
0.684526,1.0316408,T
0.6488689,0.956313,D
0.7175204,0.8960427,P
0.6334929,0.8380404,G
0.68456423,0.8934695,Q
0.5637547,0.7754758,D
0.5741825,0.67681,D
0.71914214,0.82354844,A
0.60354465,0.829464,I
0.66485614,0.9348545,T
0.70360076,0.98778015,A
0.6350057,0.84414095,L
0.6525627,0.808655,L
0.7236636,0.9108216,A
0.7520716,1.00272,I
0.84541,1.0443032,A
0.88290316,1.2187169,S
0.9264201,1.1104476,P
0.8343972,1.094129,E
0.882499,1.1576583,I
0.91130877,1.1127646,E
0.9444535,1.1336343,L
1.0692049,1.2582445,L
1.1134554,1.3241552,G
0.9236263,1.1216687,V
0.87110466,0.9323452,T
0.79249257,0.8453495,T
0.710391,0.7813578,V
0.6653123,0.8731636,A
0.6590797,0.8538579,G
0.66660243,0.85943395,N
0.7577897,0.9834324,V
0.7229485,0.9826411,P
0.73843277,0.9834579,V
0.7209482,0.9775779,S
0.73075634,0.95326054,M
0.810585,1.0591754,T
0.8435177,1.086514,T
0.7937936,1.0474372,R
0.7191445,0.9058982,N
0.78816783,0.97315884,A
0.85652184,1.1365016,L
0.84003335,1.0445607,Q
0.8634965,1.1158315,M
0.8710017,1.180618,L
0.9198374,1.2557034,D
0.8494452,1.1840111,L
0.9404653,1.1675416,A
0.88648933,1.2168243,G
0.9905952,1.3221346,R
1.0764313,1.4277476,P
1.0143532,1.331601,D
1.1396704,1.2446907,I
1.0691369,1.2434868,P
1.0273174,1.0935373,V
1.0471934,1.1590948,Y
0.9054488,1.0257759,A
0.90359914,0.9436915,G
0.76463175,0.98329425,S
0.7445481,0.91220516,N
0.7721424,0.91333,K
0.6760248,0.84272057,P
0.6878027,0.84550065,L
0.77562356,0.9421027,L
0.8212563,1.0543002,R
0.8424777,1.1190625,A
0.85749894,1.1708089,P
0.8445975,1.1767935,I
0.9697333,1.3266462,T
1.0254695,1.3373382,A
1.0175577,1.2818286,T
0.96539867,1.2634709,H
0.9498584,1.1880361,V
0.94767183,1.1648809,H
1.0239198,1.2190709,G
0.9697279,1.2273821,A
0.89987314,1.1625872,S
0.98727465,1.2161492,G
0.9860434,1.1981057,F
1.0220251,1.3217002,E
1.0555961,1.4392163,G
1.0550805,1.5226467,A
1.0789121,1.5652835,V
1.0862528,1.5402068,L
1.1238881,1.5237013,P
1.1159683,1.4081482,P
1.1546141,1.5741866,P
1.1276551,1.5442392,S
1.1083208,1.5067177,R
1.1503369,1.5906299,K
1.1708912,1.6327096,E
1.2433263,1.6862198,N
1.1603785,1.5882652,E
1.1672064,1.569224,G
1.249923,1.6536376,H
1.3144238,1.6586431,A
1.2795398,1.5500175,V
1.1460334,1.4167614,D
1.1045046,1.3697078,F
1.161537,1.4748316,I
1.134547,1.3917372,I
1.128325,1.4184732,D
1.0824314,1.3507466,T
1.1573998,1.4287502,L
1.2482232,1.4590298,R
1.1605514,1.4656318,N
1.1625053,1.4326916,N
1.2941465,1.6970575,E
1.2648803,1.6325258,P
1.1117755,1.488339,G
1.0713184,1.45976,T
1.0126954,1.2640995,I
0.943559,1.162109,T
0.8884488,0.93462545,I
0.8510979,0.9376389,C
0.83940667,0.9431697,T
0.66303074,0.7331585,I
0.5319163,0.62606144,G
0.55004126,0.61065257,P
0.5393461,0.62132215,L
0.6600193,0.6355789,T
0.59521383,0.707476,N
0.651975,0.8137256,I
0.6752926,0.79066956,A
0.6940926,0.8583909,L
0.94962233,1.0828882,A
0.7607199,0.9705379,L
0.67824525,0.8923631,N
0.8680032,1.117973,K
1.0600284,1.3232405,A
0.9455015,1.1204787,P
1.042127,1.3671129,E
1.3321518,1.581332,V
1.3590791,1.5554255,I
1.1449772,1.3523989,Q
1.125812,1.4061016,R
1.1521118,1.3251201,A
1.0044463,1.2385141,K
0.9444083,1.0979705,Q
0.851541,0.8884044,I
0.84872407,0.83639836,V
0.9143814,0.8288547,M
0.72883475,0.52956647,M
0.6206868,0.38593155,A
0.5819712,0.40724173,G
0.6037166,0.54918534,A
0.7071922,0.7216425,F
0.7509074,0.8532774,S
0.851747,0.9247905,E
0.9323539,0.9321294,V
0.9817215,0.8990909,G
0.7805799,0.73518276,N
0.6524268,0.5369778,I
0.73744327,0.50949776,T
0.6599309,0.4275971,P
0.68234515,0.41318235,A
0.65294266,0.31097668,A
0.54766214,0.24352771,E
0.51907235,0.3621967,F
0.5236214,0.26318654,N
0.5059156,0.26634875,I
0.5799325,0.44913158,Y
0.5893268,0.5332661,V
0.5932028,0.31304654,D
0.5728772,0.32069728,P
0.64538556,0.53218836,H
0.5899883,0.35793814,A
0.45720726,0.27951053,A
0.57340044,0.5662937,Q
0.6153176,0.6133834,M
0.6133835,0.45664573,V
0.5705724,0.43025246,L
0.6511724,0.6219579,S
0.9320587,0.7660398,S
0.87656367,0.70319015,G
0.92513114,1.1042928,I
0.8256384,0.8158914,P
0.7601918,0.76924455,I
0.6405113,0.6834656,V
0.57714224,0.4487883,M
0.56774724,0.4629381,M
0.48812103,0.3166323,P
0.5480378,0.2750972,L
0.67197275,0.4333446,D
0.5987181,0.47824553,I
0.48935515,0.31340486,T
0.4686105,0.41950414,H
0.5385617,0.5642743,Q
0.58928454,0.6521378,L
0.6759138,0.7560654,H
0.84584373,1.0732738,T
0.8449857,1.0757779,S
0.77816033,0.9529698,A
0.70144016,0.85804033,K
0.91467714,1.1986285,R
0.9048498,1.1155397,I
0.6395087,0.8067285,A
0.8039305,1.0263699,R
0.80695975,1.097231,M
0.9205992,1.2144166,E
0.82532895,1.0774745,A
1.0696472,1.4247088,L
1.0278776,1.292058,P
1.037454,1.338906,N
0.90814024,1.1392349,R
0.85827726,1.0424155,V
0.93208915,1.1699026,G
0.7593013,0.98296845,P
0.75545913,0.9740057,V
0.7309495,0.94434744,V
0.9335608,1.1163201,A
0.8547514,0.9764276,A
0.8011995,0.9545586,W
0.87020475,0.958781,L
0.8970183,1.0943724,R
0.81140214,0.7342883,M
0.64760315,0.6839014,E
0.80065453,0.9855523,K
0.6764139,0.7935258,A
0.6623116,0.775179,Y
0.67920065,0.7191209,E
0.71196276,0.8689046,A
0.66315264,0.81921077,K
0.72281855,0.8922307,K
0.72442704,0.91088635,Y
0.7865567,0.8376664,G
0.7552302,1.0005983,T
0.7545099,0.97818494,D
0.8529221,1.0321567,G
0.6878076,0.7804587,G
0.5512129,0.57543856,P
0.45270124,0.49503347,L
0.38487232,0.3167761,H
0.38528323,0.32636824,D
0.4820981,0.42744094,P
0.5304435,0.60750765,N
0.6062487,0.60549563,T
0.60777473,0.62841773,V
0.6275572,0.6465259,M
0.67127955,0.8354703,W
0.73859406,0.98280716,L
0.7378468,0.8998461,L
0.8047319,1.044042,R
0.65892375,0.80990416,P
0.7031204,0.9592688,D
0.7530394,0.948049,I
0.7896798,1.0389584,Y
0.7061646,0.90201145,S
0.80712384,0.96162504,G
0.7885921,1.0248905,R
0.74596655,0.94128627,K
0.75550765,0.9080745,V
0.63720435,0.6323087,N
0.4950064,0.49510416,V
0.5945977,0.5582264,Q
0.5239188,0.43671668,I
0.51211816,0.46938375,E
0.6763454,0.7067223,T
0.64490074,0.7771673,Q
0.73494816,0.8892745,S
0.7101664,0.88496864,E
0.7177386,0.87250596,L
0.7782097,0.79926693,T
0.76653737,0.85903144,M
0.71568304,0.72757846,G
0.6464764,0.7322099,M
0.6078204,0.7080343,S
0.60879135,0.7358634,V
0.72394735,0.8833698,V
0.878751,0.9664587,D
0.8135737,1.0445418,W
0.7545532,0.9352335,W
0.8383909,1.0102158,Q
0.8048073,0.98139656,V
0.8663061,1.0210243,G
0.8724924,1.0037845,L
0.7882805,0.9318462,L
0.7463073,0.8414135,P
0.74363023,0.7847892,A
0.6502018,0.5819128,N
0.6398415,0.64809334,V
0.7641984,0.84657776,T
0.6820724,0.64181364,F
0.7177781,0.7305866,L
0.6495828,0.7056844,R
0.7187878,0.8322958,T
0.6543618,0.71255755,V
0.59757805,0.6555282,D
0.72354615,0.86959213,D
0.6632439,0.76197726,D
0.78408545,0.9525692,E
0.6563702,0.66633373,F
0.7721805,1.0344287,Y
0.70590675,0.84682286,E
0.75533515,0.8555814,V
0.6036281,0.67578286,L
0.88205904,1.1325841,I
0.72762716,0.86318165,E
0.9230827,1.1298426,R
0.73974603,0.9469491,L
1.0227028,1.3769192,G
0.90943897,1.1090777,R
0.9786859,1.1228263,L
0.9450975,1.1620824,P
